Rk,Player,Tm,FantPos,G,Yds Passing,TD Passes,Int,Rushing Att,Rush Yds,Yards Per Att,Rush TD,Receptions,Rec Yards,Yards Per Rec,Rec TD,Tot TD,Fantasy Points,PosRank,OvRank,Year,,
1,Christian McCaffrey,San Francisco 49ers,RB,8,0,0,0,137,652,4.76,9,32,292,9.13,4,13,200.4,1,1,2023,,
2,Tyreek Hill,Miami Dolphins,WR,8,0,0,0,1,14,14.00,0,61,1014,16.62,8,8,211.8,1,2,2023,,
3,Raheem Mostert,Miami Dolphins,RB,8,0,0,0,97,520,5.36,10,19,151,7.95,2,12,156.1,2,3,2023,,
4,Travis Etienne,Jacksonville Jaguars,RB,8,0,0,0,151,583,3.86,7,27,266,9.85,1,8,163.9,3,4,2023,,
5,A.J. Brown,Philadelphia Eagles,WR,8,0,0,0,0,0,,0,60,939,15.65,5,5,183.9,2,5,2023,,
6,Josh Allen,Buffalo Bills,QB,8,2165,17,8,36,189,5.25,5,0,0,,0,5,185.5,1,6,2023,,
7,Jalen Hurts,Philadelphia Eagles,QB,8,2140,13,8,78,280,3.59,6,0,0,,0,6,179.6,2,7,2023,,
8,Zack Moss,Indianapolis Colts,RB,7,0,0,0,125,589,4.71,5,16,123,7.69,1,6,125.2,4,8,2023,,
9,Stefon Diggs,Buffalo Bills,WR,8,0,0,0,0,0,,0,64,748,11.69,6,6,172.8,3,9,2023,,
10,Travis Kelce,Kansas City Chiefs,TE,7,0,0,0,0,0,,0,54,583,10.80,4,4,136.3,1,10,2023,,
11,D.J. Moore,Chicago Bears,WR,8,0,0,0,0,0,,0,44,691,15.70,5,5,143.1,4,11,2023,,
12,Kenneth Walker III,Seattle Seahawks,RB,7,0,0,0,117,516,4.41,6,14,110,7.86,0,6,112.6,5,12,2023,,
13,Kyren Williams,Los Angeles Rams,RB,6,0,0,0,97,456,4.70,6,13,105,8.08,1,7,111.1,6,13,2023,,
14,Mark Andrews,Baltimore Ravens,TE,7,0,0,0,1,0,0.00,0,32,397,12.41,6,6,107.7,2,14,2023,,
15,Keenan Allen,Los Angeles Chargers,WR,7,49,1,0,2,6,3.00,0,54,643,11.91,4,4,148.9,5,15,2023,,
16,Lamar Jackson,Baltimore Ravens,QB,8,1767,9,3,74,380,5.14,5,0,0,,0,5,158.7,3,16,2023,,
17,De'Von Achane,Miami Dolphins,RB,4,0,0,0,38,460,12.11,5,9,67,7.44,2,7,101.7,7,17,2023,,
18,D'Andre Swift,Philadelphia Eagles,RB,8,0,0,0,117,571,4.88,3,28,135,4.82,1,4,120.6,8,18,2023,,
19,Puka Nacua,Los Angeles Rams,WR,8,0,0,0,2,4,2.00,0,61,795,13.03,2,2,152.9,6,19,2023,,
20,Patrick Mahomes,Kansas City Chiefs,QB,8,2258,15,8,36,234,6.50,0,0,0,,0,0,155.7,4,20,2023,,
21,Jordan Addison,Minnesota Vikings,WR,8,0,0,0,1,2,2.00,0,36,482,13.39,7,7,126.4,7,21,2023,,
22,Brian Robinson Jr.,Washington Commanders,RB,8,0,0,0,95,384,4.04,4,13,133,10.23,2,6,102.7,9,22,2023,,
23,Ja'Marr Chase,Cincinnati Bengals,WR,7,0,0,0,3,-6,-2.00,0,60,656,10.93,4,4,149.0,8,23,2023,,
24,Tua Tagovailoa,Miami Dolphins,QB,8,2416,18,7,21,26,1.24,0,0,0,,0,0,153.2,5,24,2023,,
25,Derrick Henry,Tennessee Titans,RB,7,2,1,0,120,526,4.38,3,15,138,9.20,0,3,103.5,10,25,2023,,
26,Sam LaPorta,Detroit Lions,TE,8,0,0,0,0,0,,0,43,434,10.09,4,4,110.4,3,26,2023,,
27,Isiah Pacheco,Kansas City Chiefs,RB,8,0,0,0,108,459,4.25,3,24,160,6.67,1,4,109.9,11,27,2023,,
28,Gus Edwards,Baltimore Ravens,RB,8,0,0,0,105,426,4.06,5,6,107,17.83,0,5,91.3,12,28,2023,,
29,Kirk Cousins,Minnesota Vikings,QB,8,2331,18,5,14,25,1.79,0,0,0,,0,0,149.7,6,29,2023,,
30,Adam Thielen,Carolina Panthers,WR,7,0,0,0,1,6,6.00,0,57,581,10.19,4,4,141.7,9,30,2023,,
31,CeeDee Lamb,Dallas Cowboys,WR,7,0,0,0,4,33,8.25,0,46,633,13.76,3,3,130.6,10,31,2023,,
32,Justin Herbert,Los Angeles Chargers,QB,7,1890,13,4,29,81,2.79,3,1,10,10.00,0,3,149.7,7,32,2023,,
33,T.J. Hockenson,Minnesota Vikings,TE,8,0,0,0,0,0,,0,53,478,9.02,3,3,116.8,4,33,2023,,
34,Amon-Ra St. Brown,Detroit Lions,WR,7,0,0,0,1,4,4.00,0,57,665,11.67,3,3,139.9,11,34,2023,,
35,Josh Jacobs,Las Vegas Raiders,RB,8,0,0,0,133,408,3.07,3,28,242,8.64,0,3,111.0,13,35,2023,,
36,George Kittle,San Francisco 49ers,TE,8,0,0,0,1,2,2.00,0,32,443,13.84,3,3,94.5,5,36,2023,,
37,Bijan Robinson,Atlanta Falcons,RB,8,0,0,0,92,466,5.07,1,26,189,7.27,2,3,107.5,14,37,2023,,
38,Breece Hall,New York Jets,RB,7,0,0,0,78,443,5.68,2,19,189,9.95,1,3,100.2,15,38,2023,,
39,Mike Evans,Tampa Bay Buccaneers,WR,7,0,0,0,0,0,,0,33,507,15.36,5,5,113.7,12,39,2023,,
40,James Cook,Buffalo Bills,RB,8,0,0,0,102,486,4.76,1,18,192,10.67,1,2,97.8,16,40,2023,,
41,David Montgomery,Detroit Lions,RB,5,0,0,0,94,385,4.10,6,6,66,11.00,0,6,85.1,17,41,2023,,
42,Sam Howell,Washington Commanders,QB,8,2146,13,8,24,130,5.42,1,0,0,,0,1,140.8,8,42,2023,,
43,Nico Collins,Houston Texans,WR,7,0,0,0,0,0,,0,33,577,17.48,3,3,108.7,13,43,2023,,
44,Alvin Kamara,New Orleans Saints,RB,5,0,0,0,86,320,3.72,2,39,228,5.85,1,3,113.8,18,44,2023,,
45,Brandon Aiyuk,San Francisco 49ers,WR,7,0,0,0,0,0,,0,35,620,17.71,2,2,109.0,14,45,2023,,
46,Taysom Hill,New Orleans Saints,TE,8,69,0,0,38,203,5.34,3,16,129,8.06,0,3,70.0,6,46,2023,,
47,Jared Goff,Detroit Lions,QB,8,2174,12,5,18,13,0.72,2,0,0,,0,2,138.3,9,47,2023,,
48,Rashid Shaheed,New Orleans Saints,WR,8,0,0,0,6,33,5.50,0,23,479,20.83,3,4,96.2,15,48,2023,,
49,Justin Jefferson,Minnesota Vikings,WR,5,0,0,0,0,0,,0,36,571,15.86,3,3,109.1,16,49,2023,,
50,Brock Purdy,San Francisco 49ers,QB,8,2033,12,5,26,107,4.12,2,0,0,,0,2,138.0,10,50,2023,,
51,Michael Pittman Jr.,Indianapolis Colts,WR,8,0,0,0,0,0,,0,50,529,10.58,3,3,122.9,17,51,2023,,
52,Jerome Ford,Cleveland Browns,RB,7,0,0,0,87,381,4.38,2,15,106,7.07,2,4,87.7,19,52,2023,,
53,Davante Adams,Las Vegas Raiders,WR,8,0,0,0,0,0,,0,47,539,11.47,3,3,118.9,18,53,2023,,
54,George Pickens,Pittsburgh Steelers,WR,7,0,0,0,1,16,16.00,0,28,522,18.64,3,3,99.8,19,54,2023,,
55,Tony Pollard,Dallas Cowboys,RB,7,0,0,0,108,423,3.92,2,26,178,6.85,0,2,98.1,20,55,2023,,
56,Gabriel Davis,Buffalo Bills,WR,8,0,0,0,1,-2,-2.00,0,31,434,14.00,5,5,102.2,20,56,2023,,
57,Jakobi Meyers,Las Vegas Raiders,WR,7,0,0,0,1,0,0.00,0,38,404,10.63,5,5,108.4,21,57,2023,,
58,Courtland Sutton,Denver Broncos,WR,8,0,0,0,0,0,,0,33,380,11.52,6,6,103.0,22,58,2023,,
59,Russell Wilson,Denver Broncos,QB,8,1613,16,4,31,201,6.48,0,0,0,,0,0,134.6,11,59,2023,,
60,Cole Kmet,Chicago Bears,TE,8,0,0,0,2,1,0.50,0,35,319,9.11,3,3,85.0,7,60,2023,,
1,Patrick Mahomes,Kansas City Chiefs,QB,17,5250,41,12,61,358,5.87,4,1,6,6.00,0,4,417.4,1,1,2022,,
2,Josh Jacobs,Las Vegas Raiders,RB,17,0,0,0,340,1653,4.86,12,53,400,7.55,0,12,328.3,1,2,2022,,
3,Christian McCaffrey,San Francisco 49ers,RB,17,34,1,0,244,1139,4.67,8,85,741,8.72,5,13,356.4,2,3,2022,,
4,Derrick Henry,Tennessee Titans,RB,16,4,1,0,349,1538,4.41,13,33,398,12.06,0,13,302.8,3,4,2022,,
5,Justin Jefferson,Minnesota Vikings,WR,17,34,0,0,4,24,6.00,1,128,1809,14.13,8,9,368.7,1,5,2022,,
6,Austin Ekeler,Los Angeles Chargers,RB,17,0,0,0,204,915,4.49,13,107,722,6.75,5,18,372.7,4,6,2022,,
7,Josh Allen,Buffalo Bills,QB,16,4283,35,14,124,762,6.15,7,0,0,,0,7,395.5,2,7,2022,,
8,Travis Kelce,Kansas City Chiefs,TE,17,0,0,0,2,5,2.50,0,110,1338,12.16,12,12,316.3,1,8,2022,,
9,Davante Adams,Las Vegas Raiders,WR,17,0,0,0,3,-1,-0.33,0,100,1516,15.16,14,14,335.5,2,9,2022,,
10,Nick Chubb,Cleveland Browns,RB,17,0,0,0,302,1525,5.05,12,27,239,8.85,1,13,281.4,5,10,2022,,
11,Tyreek Hill,Miami Dolphins,WR,17,0,0,0,7,32,4.57,1,119,1710,14.37,7,9,347.2,3,11,2022,,
12,Jalen Hurts,Philadelphia Eagles,QB,15,3701,22,6,165,760,4.61,13,0,0,,0,13,378.0,3,12,2022,,
13,A.J. Brown,Philadelphia Eagles,WR,17,0,0,0,0,0,,0,88,1496,17.00,11,11,299.6,4,13,2022,,
14,Stefon Diggs,Buffalo Bills,WR,16,0,0,0,1,-3,-3.00,0,108,1429,13.23,11,11,316.6,5,14,2022,,
15,Saquon Barkley,New York Giants,RB,16,0,0,0,295,1312,4.45,10,57,338,5.93,0,10,284.0,6,15,2022,,
16,CeeDee Lamb,Dallas Cowboys,WR,17,0,0,0,10,47,4.70,0,107,1359,12.70,9,9,301.6,6,16,2022,,
17,Joe Burrow,Cincinnati Bengals,QB,16,4475,35,12,75,257,3.43,5,0,0,,0,5,350.7,4,17,2022,,
18,Jamaal Williams,Detroit Lions,RB,17,0,0,0,262,1066,4.07,17,12,73,6.08,0,17,225.9,7,18,2022,,
19,Jaylen Waddle,Miami Dolphins,WR,17,0,0,0,3,26,8.67,0,75,1356,18.08,8,8,259.2,7,19,2022,,
20,Tony Pollard,Dallas Cowboys,RB,16,0,0,0,193,1007,5.22,9,39,371,9.51,3,12,248.8,8,20,2022,,
21,Dalvin Cook,Minnesota Vikings,RB,17,0,0,0,264,1173,4.44,8,39,295,7.56,2,10,237.8,9,21,2022,,
22,Miles Sanders,Philadelphia Eagles,RB,17,0,0,0,259,1269,4.90,11,20,78,3.90,0,11,216.7,10,22,2022,,
23,George Kittle,San Francisco 49ers,TE,15,0,0,0,0,0,,0,60,765,12.75,11,11,200.5,2,23,2022,,
24,Amari Cooper,Cleveland Browns,WR,17,0,0,1,0,0,,0,78,1160,14.87,9,9,246.0,8,24,2022,,
25,Taysom Hill,New Orleans Saints,TE,16,240,2,0,96,575,5.99,7,9,77,8.56,2,9,145.8,3,25,2022,,
26,Aaron Jones,Green Bay Packers,RB,17,0,0,0,213,1121,5.26,2,59,395,6.69,5,7,248.6,11,26,2022,,
27,Amon-Ra St. Brown,Detroit Lions,WR,16,0,0,0,9,95,10.56,0,106,1161,10.95,6,6,267.6,9,27,2022,,
28,DeVonta Smith,Philadelphia Eagles,WR,17,0,0,0,0,0,,0,95,1196,12.59,7,7,254.6,10,28,2022,,
29,T.J. Hockenson,Minnesota Vikings,TE,17,0,0,0,0,0,,0,86,914,10.63,6,6,215.4,4,29,2022,,
30,Christian Kirk,Jacksonville Jaguars,WR,17,0,0,0,5,11,2.20,0,84,1108,13.19,8,8,241.9,11,30,2022,,
31,Najee Harris,Pittsburgh Steelers,RB,17,4,0,0,272,1034,3.80,7,41,229,5.59,3,10,223.5,12,31,2022,,
32,Ja'Marr Chase,Cincinnati Bengals,WR,12,0,0,0,5,8,1.60,0,87,1046,12.02,9,9,242.4,12,32,2022,,
33,Rhamondre Stevenson,New England Patriots,RB,17,0,0,0,210,1040,4.95,5,69,421,6.10,1,6,249.1,13,33,2022,,
34,Joe Mixon,Cincinnati Bengals,RB,14,0,0,0,210,814,3.88,7,60,441,7.35,2,9,239.5,14,34,2022,,
35,Tyler Lockett,Seattle Seahawks,WR,16,0,0,0,0,0,,0,84,1033,12.30,9,9,237.3,13,35,2022,,
36,Terry McLaurin,Washington Commanders,WR,17,0,0,0,7,29,4.14,0,77,1191,15.47,5,5,229.0,14,36,2022,,
37,Brandon Aiyuk,San Francisco 49ers,WR,17,0,0,0,2,23,11.50,0,78,1015,13.01,8,8,227.8,15,37,2022,,
38,Kenneth Walker III,Seattle Seahawks,RB,15,0,0,0,228,1050,4.61,9,27,165,6.11,0,9,202.5,15,38,2022,,
39,Mike Evans,Tampa Bay Buccaneers,WR,15,0,0,0,0,0,,0,77,1124,14.60,6,6,225.4,16,39,2022,,
40,Tee Higgins,Cincinnati Bengals,WR,16,0,0,0,0,0,,0,74,1029,13.91,7,7,220.9,17,40,2022,,
41,Mark Andrews,Baltimore Ravens,TE,15,0,0,0,3,8,2.67,0,73,847,11.60,5,5,190.5,5,41,2022,,
42,Geno Smith,Seattle Seahawks,QB,17,4282,30,11,68,366,5.38,1,0,0,,0,1,303.9,5,42,2022,,
43,Travis Etienne,Jacksonville Jaguars,RB,17,0,0,0,220,1125,5.11,5,35,316,9.03,0,5,205.1,16,43,2022,,
44,Ezekiel Elliott,Dallas Cowboys,RB,15,0,0,0,231,876,3.79,12,17,92,5.41,0,12,185.8,17,44,2022,,
45,Justin Fields,Chicago Bears,QB,15,2242,17,11,160,1143,7.14,8,0,0,,0,8,296.0,6,45,2022,,
46,Trevor Lawrence,Jacksonville Jaguars,QB,17,4113,25,8,62,291,4.69,5,0,0,,0,5,295.6,7,46,2022,,
47,Jerry Jeudy,Denver Broncos,WR,15,0,0,0,4,40,10.00,0,67,972,14.51,6,6,204.2,18,47,2022,,
48,D.K. Metcalf,Seattle Seahawks,WR,17,0,0,0,0,0,,0,90,1048,11.64,6,6,226.8,19,48,2022,,
49,D.J. Moore,Carolina Panthers,WR,17,0,0,0,10,53,5.30,0,63,888,14.10,7,7,199.1,20,49,2022,,
50,Kirk Cousins,Minnesota Vikings,QB,17,4547,29,14,31,97,3.13,2,0,0,,0,2,291.6,8,50,2022,,
51,Evan Engram,Jacksonville Jaguars,TE,17,0,0,0,2,13,6.50,0,73,766,10.49,4,4,176.9,6,51,2022,,
52,Garrett Wilson,New York Jets,WR,17,0,0,0,4,4,1.00,0,83,1103,13.29,4,4,215.7,21,52,2022,,
53,Daniel Jones,New York Giants,QB,16,3205,15,5,120,708,5.90,7,0,0,,0,7,289.0,9,53,2022,,
54,Alvin Kamara,New Orleans Saints,RB,15,0,0,0,223,897,4.02,2,57,490,8.60,2,4,211.7,18,54,2022,,
55,James Conner,Arizona Cardinals,RB,13,0,0,0,183,782,4.27,7,46,300,6.52,1,8,200.2,19,55,2022,,
56,Leonard Fournette,Tampa Bay Buccaneers,RB,16,0,0,1,189,668,3.53,3,73,523,7.16,3,6,226.1,20,56,2022,,
57,Cole Kmet,Chicago Bears,TE,17,0,0,0,2,9,4.50,0,50,544,10.88,7,7,147.3,7,57,2022,,
58,Cooper Kupp,Los Angeles Rams,WR,9,0,0,0,9,52,5.78,1,75,812,10.83,6,7,201.4,22,58,2022,,
59,Chris Olave,New Orleans Saints,WR,15,0,0,0,0,0,,0,72,1042,14.47,4,4,198.2,23,59,2022,,
60,Jared Goff,Detroit Lions,QB,17,4438,29,7,29,73,2.52,0,1,5,5.00,0,0,284.3,10,60,2022,,
1,Jonathan Taylor,Indianapolis Colts,RB,17,0,0,0,332,1811,5.45,18,40,360,9.00,2,20,373.1,1,1,2021,,
2,Cooper Kupp,Los Angeles Rams,WR,17,0,0,0,4,18,4.50,0,145,1947,13.43,16,16,439.5,1,2,2021,,
3,Deebo Samuel,San Francisco 49ers,WR,16,24,1,0,59,365,6.19,8,77,1405,18.25,6,14,339.0,2,3,2021,,
4,Josh Allen,Buffalo Bills,QB,17,4407,36,15,122,763,6.25,6,0,0,,0,6,402.6,1,4,2021,,
5,Austin Ekeler,Los Angeles Chargers,RB,16,0,0,0,206,911,4.42,12,70,647,9.24,8,20,343.8,2,5,2021,,
6,Justin Herbert,Los Angeles Chargers,QB,17,5014,38,15,63,302,4.79,3,0,0,,0,3,380.8,2,6,2021,,
7,Tom Brady,Tampa Bay Buccaneers,QB,17,5316,43,12,28,81,2.89,2,0,0,,0,2,374.7,3,7,2021,,
8,Mark Andrews,Baltimore Ravens,TE,17,0,0,0,1,0,0.00,0,107,1361,12.72,9,9,301.1,1,8,2021,,
9,Ja'Marr Chase,Cincinnati Bengals,WR,17,0,0,0,7,21,3.00,0,81,1455,17.96,13,13,304.6,3,9,2021,,
10,Justin Jefferson,Minnesota Vikings,WR,17,35,0,0,6,14,2.33,0,108,1616,14.96,10,10,330.4,4,10,2021,,
11,Joe Mixon,Cincinnati Bengals,RB,16,0,0,0,292,1205,4.13,13,42,314,7.48,3,16,287.9,3,11,2021,,
12,Davante Adams,Green Bay Packers,WR,16,0,0,0,0,0,,0,123,1553,12.63,11,11,344.3,5,12,2021,,
13,Patrick Mahomes,Kansas City Chiefs,QB,17,4839,37,13,66,381,5.77,2,0,0,,0,2,361.7,4,13,2021,,
14,Najee Harris,Pittsburgh Steelers,RB,17,0,0,0,307,1200,3.91,7,74,467,6.31,3,10,300.7,4,14,2021,,
15,Travis Kelce,Kansas City Chiefs,TE,16,0,0,0,2,3,1.50,1,92,1125,12.23,9,10,262.8,2,15,2021,,
16,James Conner,Arizona Cardinals,RB,15,0,0,0,202,752,3.72,15,37,375,10.14,3,18,257.7,5,16,2021,,
17,Mike Evans,Tampa Bay Buccaneers,WR,16,0,0,0,1,10,10.00,0,74,1035,13.99,14,14,262.5,6,17,2021,,
18,Aaron Rodgers,Green Bay Packers,QB,16,4115,37,4,33,101,3.06,3,1,-4,-4.00,0,3,333.3,5,18,2021,,
19,Tyreek Hill,Kansas City Chiefs,WR,17,0,0,0,9,96,10.67,0,111,1239,11.16,9,9,296.5,7,19,2021,,
20,Matthew Stafford,Los Angeles Rams,QB,17,4886,41,17,32,43,1.34,0,0,0,,0,0,329.7,6,20,2021,,
21,Stefon Diggs,Buffalo Bills,WR,17,0,0,0,0,0,,0,103,1225,11.89,10,10,285.5,8,21,2021,,
22,Ezekiel Elliott,Dallas Cowboys,RB,17,4,0,0,237,1002,4.23,10,47,287,6.11,2,12,252.1,6,22,2021,,
23,Dak Prescott,Dallas Cowboys,QB,16,4449,37,10,48,146,3.04,1,0,0,,0,1,320.6,7,23,2021,,
24,Nick Chubb,Cleveland Browns,RB,14,0,0,0,228,1259,5.52,8,20,174,8.70,1,9,215.3,7,24,2021,,
25,Mike Williams,Los Angeles Chargers,WR,16,0,0,0,0,0,,0,76,1146,15.08,9,9,246.6,9,25,2021,,
26,D.K. Metcalf,Seattle Seahawks,WR,17,0,0,0,1,6,6.00,0,75,967,12.89,12,12,244.3,10,26,2021,,
27,Tyler Lockett,Seattle Seahawks,WR,16,0,0,0,2,9,4.50,0,73,1175,16.10,8,8,241.4,11,27,2021,,
28,Damien Harris,New England Patriots,RB,15,0,0,0,202,929,4.60,15,18,132,7.33,0,15,210.1,8,28,2021,,
29,Joe Burrow,Cincinnati Bengals,QB,16,4611,34,14,40,118,2.95,2,0,0,,0,2,314.2,8,29,2021,,
30,Diontae Johnson,Pittsburgh Steelers,WR,16,0,0,0,5,53,10.60,0,107,1161,10.85,8,8,274.4,12,30,2021,,
31,Jalen Hurts,Philadelphia Eagles,QB,15,3144,16,9,139,784,5.64,10,0,0,,0,10,312.2,9,31,2021,,
32,Alvin Kamara,New Orleans Saints,RB,13,0,0,0,240,898,3.74,4,47,439,9.34,5,9,234.7,9,32,2021,,
33,Antonio Gibson,Washington Football Team,RB,16,0,0,0,258,1037,4.02,7,42,294,7.00,3,10,229.1,10,33,2021,,
34,Leonard Fournette,Tampa Bay Buccaneers,RB,14,0,0,0,180,812,4.51,8,69,454,6.58,2,10,255.6,11,34,2021,,
35,Dalton Schultz,Dallas Cowboys,TE,17,0,0,0,0,0,,0,78,808,10.36,8,8,208.8,3,35,2021,,
36,Cordarrelle Patterson,Atlanta Falcons,RB,16,0,0,0,153,618,4.04,6,52,548,10.54,5,11,234.6,12,36,2021,,
37,George Kittle,San Francisco 49ers,TE,14,0,0,0,3,20,6.67,0,71,910,12.82,6,6,198.0,4,37,2021,,
38,Hunter Renfrow,Las Vegas Raiders,WR,17,0,0,0,3,3,1.00,0,103,1038,10.08,9,9,259.1,13,38,2021,,
39,CeeDee Lamb,Dallas Cowboys,WR,16,0,0,0,9,76,8.44,0,79,1102,13.95,6,6,232.8,14,39,2021,,
40,Kyler Murray,Arizona Cardinals,QB,14,3787,24,10,88,423,4.81,5,0,7,,0,5,300.5,10,40,2021,,
41,Kirk Cousins,Minnesota Vikings,QB,16,4221,33,7,29,115,3.97,1,0,0,,0,1,300.3,11,41,2021,,
42,Aaron Jones,Green Bay Packers,RB,15,0,0,0,171,799,4.67,4,52,391,7.52,6,10,229.0,13,42,2021,,
43,Keenan Allen,Los Angeles Chargers,WR,16,0,0,0,0,0,,0,106,1138,10.74,6,6,257.8,15,43,2021,,
44,Derrick Henry,Tennessee Titans,RB,8,5,1,0,219,937,4.28,10,18,154,8.56,0,10,193.3,14,44,2021,,
45,Michael Pittman Jr.,Indianapolis Colts,WR,17,0,0,0,5,44,8.80,0,88,1082,12.30,6,6,238.6,16,45,2021,,
46,Dalvin Cook,Minnesota Vikings,RB,13,0,0,0,249,1159,4.65,6,34,224,6.59,0,6,206.3,15,46,2021,,
47,Josh Jacobs,Las Vegas Raiders,RB,15,0,0,0,217,872,4.02,9,54,348,6.44,0,9,226.0,16,47,2021,,
48,Rob Gronkowski,Tampa Bay Buccaneers,TE,12,0,0,0,0,0,,0,55,802,14.58,6,6,171.2,5,48,2021,,
49,Tee Higgins,Cincinnati Bengals,WR,14,0,0,0,0,0,,0,74,1091,14.74,6,6,219.1,17,49,2021,,
50,Dawson Knox,Buffalo Bills,TE,15,0,0,0,0,4,,0,49,587,11.98,9,9,164.1,6,50,2021,,
51,D.J. Moore,Carolina Panthers,WR,17,0,0,0,8,48,6.00,0,93,1157,12.44,4,4,237.5,18,51,2021,,
52,Chris Godwin,Tampa Bay Buccaneers,WR,14,0,0,0,4,21,5.25,1,98,1103,11.26,5,6,242.4,19,52,2021,,
53,Hunter Henry,New England Patriots,TE,17,0,0,0,0,0,,0,50,603,12.06,9,9,164.3,7,53,2021,,
54,Melvin Gordon,Denver Broncos,RB,16,0,0,0,203,918,4.52,8,28,213,7.61,2,10,195.1,17,54,2021,,
55,Jaylen Waddle,Miami Dolphins,WR,16,0,0,0,2,3,1.50,1,104,1015,9.76,6,7,245.8,21,55,2021,,
56,Brandin Cooks,Houston Texans,WR,16,0,0,0,2,21,10.50,0,90,1037,11.52,6,6,231.8,20,56,2021,,
57,Dallas Goedert,Philadelphia Eagles,TE,15,0,0,0,0,0,,0,56,830,14.82,4,4,165.0,8,57,2021,,
58,Darnell Mooney,Chicago Bears,WR,17,0,0,0,6,32,5.33,1,81,1055,13.02,4,5,219.7,22,58,2021,,
59,Kyle Pitts,Atlanta Falcons,TE,17,0,0,0,0,0,,0,68,1026,15.09,1,1,176.6,9,59,2021,,
60,Javonte Williams,Denver Broncos,RB,17,0,0,0,203,903,4.45,4,43,316,7.35,3,7,204.9,18,60,2021,,
1,Derrick Henry,Tennessee Titans,RB,16,0,0,0,378,2027,5.36,17,19,114,6.00,0,17,333.1,1,1,2020,,
2,Alvin Kamara,New Orleans Saints,RB,15,0,0,0,187,932,4.98,16,83,756,9.11,5,21,377.8,2,2,2020,,
3,Dalvin Cook,Minnesota Vikings,RB,14,0,0,0,312,1557,4.99,16,44,361,8.20,1,17,337.8,3,3,2020,,
4,Davante Adams,Green Bay Packers,WR,14,0,0,0,0,0,,0,115,1374,11.95,18,18,358.4,1,4,2020,,
5,Travis Kelce,Kansas City Chiefs,TE,15,4,0,0,0,0,,0,105,1416,13.49,11,11,312.8,1,5,2020,,
6,Tyreek Hill,Kansas City Chiefs,WR,15,0,0,0,13,123,9.46,2,87,1276,14.67,15,17,328.9,2,6,2020,,
7,Josh Allen,Buffalo Bills,QB,16,4544,37,10,102,421,4.13,8,1,12,12.00,1,9,396.1,1,7,2020,,
8,Aaron Rodgers,Green Bay Packers,QB,16,4299,48,5,38,149,3.92,3,1,-6,-6.00,0,3,383.3,2,8,2020,,
9,Kyler Murray,Arizona Cardinals,QB,16,3971,26,12,133,819,6.16,11,0,0,,0,11,378.7,3,9,2020,,
10,Patrick Mahomes,Kansas City Chiefs,QB,15,4740,38,6,62,308,4.97,2,0,0,,0,2,374.4,4,10,2020,,
11,Deshaun Watson,Houston Texans,QB,16,4823,33,7,90,444,4.93,3,0,0,,0,3,369.3,5,11,2020,,
12,Jonathan Taylor,Indianapolis Colts,RB,15,0,0,0,232,1169,5.04,11,36,299,8.31,1,12,252.8,4,12,2020,,
13,Aaron Jones,Green Bay Packers,RB,14,0,0,0,201,1104,5.49,9,47,355,7.55,2,11,258.9,5,13,2020,,
14,Darren Waller,Las Vegas Raiders,TE,16,0,0,0,0,0,,0,107,1196,11.18,9,9,278.6,2,14,2020,,
15,David Montgomery,Chicago Bears,RB,15,0,0,0,247,1070,4.33,8,54,438,8.11,2,10,264.8,6,15,2020,,
16,Russell Wilson,Seattle Seahawks,QB,16,4212,40,13,83,513,6.18,2,0,0,,0,2,359.8,6,16,2020,,
17,Stefon Diggs,Buffalo Bills,WR,16,0,0,0,1,1,1.00,0,127,1535,12.09,8,8,328.6,3,17,2020,,
18,James Robinson,Jacksonville Jaguars,RB,14,0,0,0,240,1070,4.46,7,49,344,7.02,3,10,250.4,7,18,2020,,
19,Josh Jacobs,Las Vegas Raiders,RB,15,0,0,0,273,1065,3.90,12,33,238,7.21,0,12,231.3,8,19,2020,,
20,Calvin Ridley,Atlanta Falcons,WR,15,0,0,0,5,1,0.20,0,90,1374,15.27,9,9,281.5,4,20,2020,,
21,D.K. Metcalf,Seattle Seahawks,WR,16,0,0,0,0,0,,0,83,1303,15.70,10,10,271.3,5,21,2020,,
22,Nick Chubb,Cleveland Browns,RB,12,0,0,0,190,1067,5.62,12,16,150,9.38,0,12,207.7,9,22,2020,,
23,Ryan Tannehill,Tennessee Titans,QB,16,3819,33,7,43,266,6.19,7,1,0,0.00,0,7,344.4,7,23,2020,,
24,Justin Jefferson,Minnesota Vikings,WR,16,0,0,0,1,2,2.00,0,88,1400,15.91,7,7,274.2,6,24,2020,,
25,Tom Brady,Tampa Bay Buccaneers,QB,16,4633,40,12,30,6,0.20,3,0,0,,0,3,337.9,8,25,2020,,
26,Adam Thielen,Minnesota Vikings,WR,15,0,0,0,3,15,5.00,0,74,925,12.50,14,14,254.0,7,26,2020,,
27,Mike Evans,Tampa Bay Buccaneers,WR,16,0,0,0,0,0,,0,70,1006,14.37,13,13,248.6,8,27,2020,,
28,A.J. Brown,Tennessee Titans,WR,14,0,0,0,0,0,,0,70,1075,15.36,11,12,247.5,9,28,2020,,
29,Justin Herbert,Los Angeles Chargers,QB,15,4336,31,10,55,234,4.25,5,0,0,,0,5,332.8,9,29,2020,,
30,Lamar Jackson,Baltimore Ravens,QB,15,2757,26,9,159,1005,6.32,7,0,0,,0,7,332.8,10,30,2020,,
31,Kareem Hunt,Cleveland Browns,RB,16,0,0,0,198,841,4.25,6,38,304,8.00,5,11,218.5,10,31,2020,,
32,DeAndre Hopkins,Arizona Cardinals,WR,16,0,0,0,1,1,1.00,0,115,1407,12.23,6,6,287.8,10,32,2020,,
33,Ezekiel Elliott,Dallas Cowboys,RB,15,0,0,0,244,979,4.01,6,52,338,6.50,2,8,223.7,11,33,2020,,
34,Tyler Lockett,Seattle Seahawks,WR,16,0,0,0,0,0,,0,100,1054,10.54,10,10,265.4,11,34,2020,,
35,Kenyan Drake,Arizona Cardinals,RB,15,0,0,0,239,955,4.00,10,25,137,5.48,0,10,192.2,12,35,2020,,
36,Melvin Gordon,Denver Broncos,RB,15,0,0,0,215,986,4.59,9,32,158,4.94,1,10,198.4,13,36,2020,,
37,Antonio Gibson,Washington Football Team,RB,14,0,0,0,170,795,4.68,11,36,247,6.86,0,11,202.2,14,37,2020,,
38,Allen Robinson,Chicago Bears,WR,16,0,0,0,1,-1,-1.00,0,102,1250,12.25,6,6,262.9,12,38,2020,,
39,Robert Tonyan,Green Bay Packers,TE,16,0,0,0,0,0,,0,52,586,11.27,11,11,176.6,3,39,2020,,
40,Robert Woods,Los Angeles Rams,WR,16,0,0,0,24,155,6.46,2,90,936,10.40,6,8,245.1,13,40,2020,,
41,Ronald Jones II,Tampa Bay Buccaneers,RB,14,0,0,0,192,978,5.09,7,28,165,5.89,1,8,186.3,15,41,2020,,
42,Chase Claypool,Pittsburgh Steelers,WR,16,0,0,0,10,16,1.60,2,62,873,14.08,9,11,214.9,14,42,2020,,
43,Marvin Jones,Detroit Lions,WR,16,0,0,0,0,0,,0,76,978,12.87,9,9,227.8,15,43,2020,,
44,Brandin Cooks,Houston Texans,WR,15,0,0,0,0,0,,0,81,1150,14.20,6,6,232.0,16,44,2020,,
45,Kirk Cousins,Minnesota Vikings,QB,16,4265,35,13,32,156,4.88,1,0,0,,0,1,306.2,11,45,2020,,
46,Mark Andrews,Baltimore Ravens,TE,14,0,0,0,0,0,,0,58,701,12.09,7,7,170.1,4,46,2020,,
47,Chris Carson,Seattle Seahawks,RB,12,0,0,0,141,681,4.83,5,37,287,7.76,4,9,187.8,16,47,2020,,
48,J.K. Dobbins,Baltimore Ravens,RB,15,0,0,0,134,805,6.01,9,18,120,6.67,0,9,168.5,17,48,2020,,
49,D.J. Moore,Carolina Panthers,WR,15,0,0,0,2,22,11.00,0,66,1193,18.08,4,4,211.5,17,49,2020,,
50,Keenan Allen,Los Angeles Chargers,WR,14,0,0,0,1,-1,-1.00,0,100,992,9.92,8,8,245.1,18,50,2020,,
51,Amari Cooper,Dallas Cowboys,WR,16,0,0,0,6,14,2.33,0,92,1114,12.11,5,5,236.8,19,51,2020,,
52,T.J. Hockenson,Detroit Lions,TE,16,0,0,0,1,0,0.00,0,67,723,10.79,6,6,175.3,5,52,2020,,
53,CeeDee Lamb,Dallas Cowboys,WR,16,0,0,0,10,82,8.20,1,74,935,12.64,5,7,217.7,20,53,2020,,
54,Mike Davis,Carolina Panthers,RB,15,0,0,0,165,642,3.89,6,59,373,6.32,2,8,206.5,18,54,2020,,
55,David Johnson,Houston Texans,RB,12,0,0,0,147,691,4.70,6,33,314,9.52,2,8,179.5,19,55,2020,,
56,Mike Gesicki,Miami Dolphins,TE,15,0,0,0,0,0,,0,53,703,13.26,6,6,159.3,6,56,2020,,
57,Logan Thomas,Washington Football Team,TE,16,28,0,0,3,5,1.67,0,72,670,9.31,6,6,176.6,7,57,2020,,
58,Rob Gronkowski,Tampa Bay Buccaneers,TE,16,0,0,0,0,0,,0,45,623,13.84,7,7,149.3,8,58,2020,,
59,D'Andre Swift,Detroit Lions,RB,13,0,0,0,114,521,4.57,8,46,357,7.76,2,10,189.8,20,59,2020,,
60,Miles Sanders,Philadelphia Eagles,RB,12,0,0,0,164,867,5.29,6,28,197,7.04,0,6,170.4,21,60,2020,,
1,Christian McCaffrey,Carolina Panthers,RB,16,0,0,0,287,1387,4.83,15,116,1005,8.66,4,19,471.2,1,1,2019,,
2,Lamar Jackson,Baltimore Ravens,QB,15,3127,36,6,176,1206,6.85,7,0,0,,0,7,415.7,1,2,2019,,
3,Derrick Henry,Tennessee Titans,RB,15,0,0,0,303,1540,5.08,16,18,206,11.44,2,18,294.6,2,3,2019,,
4,Aaron Jones,Green Bay Packers,RB,16,0,0,0,236,1084,4.59,16,49,474,9.67,3,19,314.8,3,4,2019,,
5,Ezekiel Elliott,Dallas Cowboys,RB,16,0,0,0,301,1357,4.51,12,54,420,7.78,2,14,311.7,4,5,2019,,
6,Dalvin Cook,Minnesota Vikings,RB,14,0,0,0,250,1135,4.54,13,53,519,9.79,0,13,292.4,5,6,2019,,
7,Michael Thomas,New Orleans Saints,WR,16,0,0,0,1,-9,-9.00,0,149,1725,11.58,9,9,374.6,1,7,2019,,
8,Travis Kelce,Kansas City Chiefs,TE,16,0,0,0,1,4,4.00,1,97,1229,12.67,5,6,254.3,1,8,2019,,
9,Nick Chubb,Cleveland Browns,RB,16,0,0,0,298,1494,5.01,8,36,278,7.72,0,8,255.2,6,9,2019,,
10,Austin Ekeler,Los Angeles Chargers,RB,16,0,0,0,132,557,4.22,3,92,993,10.79,8,11,309.0,7,10,2019,,
11,Mark Ingram,Baltimore Ravens,RB,15,0,0,0,202,1018,5.04,10,26,247,9.50,5,15,242.5,8,11,2019,,
12,Dak Prescott,Dallas Cowboys,QB,16,4902,30,11,52,277,5.33,3,0,0,,0,3,337.8,2,12,2019,,
13,Mark Andrews,Baltimore Ravens,TE,15,0,0,0,0,0,,0,64,852,13.31,10,10,207.2,2,13,2019,,
14,Russell Wilson,Seattle Seahawks,QB,16,4110,31,5,75,342,4.56,3,0,0,,0,3,328.6,3,14,2019,,
15,Chris Godwin,Tampa Bay Buccaneers,WR,14,0,0,0,1,8,8.00,0,86,1333,15.50,9,9,276.1,2,15,2019,,
16,George Kittle,San Francisco 49ers,TE,14,0,0,0,5,22,4.40,0,85,1053,12.39,5,5,222.5,3,16,2019,,
17,Deshaun Watson,Houston Texans,QB,15,3852,26,12,82,413,5.04,7,1,6,6.00,1,8,321.0,4,17,2019,,
18,Chris Carson,Seattle Seahawks,RB,15,0,0,0,278,1230,4.42,7,37,266,7.19,2,9,232.6,9,18,2019,,
19,Darren Waller,Oakland Raiders,TE,16,0,0,0,2,5,2.50,0,90,1145,12.72,3,3,221.0,4,19,2019,,
20,Kenny Golladay,Detroit Lions,WR,16,0,0,0,0,0,,0,65,1190,18.31,11,11,248.0,3,20,2019,,
21,Saquon Barkley,New York Giants,RB,13,0,0,0,217,1003,4.62,6,52,438,8.42,2,8,244.1,10,21,2019,,
22,Zach Ertz,Philadelphia Eagles,TE,15,0,0,0,0,0,,0,88,916,10.41,6,6,215.6,5,22,2019,,
23,Joe Mixon,Cincinnati Bengals,RB,16,0,0,0,278,1137,4.09,5,35,287,8.20,3,8,225.4,11,23,2019,,
24,Todd Gurley,Los Angeles Rams,RB,15,0,0,0,223,857,3.84,12,31,207,6.68,2,14,219.4,12,24,2019,,
25,Jared Cook,New Orleans Saints,TE,14,0,0,0,0,0,,0,43,705,16.40,9,9,167.5,6,25,2019,,
26,Cooper Kupp,Los Angeles Rams,WR,16,0,0,0,2,4,2.00,0,94,1161,12.35,10,10,270.5,4,26,2019,,
27,Julio Jones,Atlanta Falcons,WR,15,0,0,0,2,-3,-1.50,0,99,1394,14.08,6,6,274.1,5,27,2019,,
28,DeVante Parker,Miami Dolphins,WR,16,0,0,0,0,0,,0,72,1202,16.69,9,9,246.2,6,28,2019,,
29,Leonard Fournette,Jacksonville Jaguars,RB,15,0,0,0,265,1152,4.35,3,76,522,6.87,0,3,259.4,13,29,2019,,
30,Jameis Winston,Tampa Bay Buccaneers,QB,16,5109,33,30,59,250,4.24,1,0,0,,0,1,305.4,5,30,2019,,
31,Austin Hooper,Atlanta Falcons,TE,13,0,0,0,0,0,,0,75,787,10.49,6,6,191.7,7,31,2019,,
32,Amari Cooper,Dallas Cowboys,WR,16,0,0,0,1,6,6.00,0,79,1189,15.05,8,8,246.5,7,32,2019,,
33,Mike Evans,Tampa Bay Buccaneers,WR,13,0,0,0,0,0,,0,67,1157,17.27,8,8,232.7,8,33,2019,,
34,A.J. Brown,Tennessee Titans,WR,16,0,0,0,3,60,20.00,1,52,1051,20.21,8,9,217.1,9,34,2019,,
35,DeAndre Hopkins,Houston Texans,WR,15,6,1,1,2,18,9.00,0,104,1165,11.20,7,7,268.5,10,35,2019,,
36,Josh Jacobs,Oakland Raiders,RB,13,0,0,0,242,1150,4.75,7,20,166,8.30,0,7,191.6,14,36,2019,,
37,Keenan Allen,Los Angeles Chargers,WR,16,0,0,0,3,16,5.33,0,104,1199,11.53,6,6,261.5,11,37,2019,,
38,Miles Sanders,Philadelphia Eagles,RB,16,0,0,0,179,818,4.57,3,50,509,10.18,3,6,218.7,15,38,2019,,
39,Allen Robinson,Chicago Bears,WR,16,0,0,0,1,2,2.00,0,98,1147,11.70,7,7,254.9,12,39,2019,,
40,Julian Edelman,New England Patriots,WR,16,47,1,0,8,27,3.38,0,100,1117,11.17,6,6,256.3,13,40,2019,,
41,Alvin Kamara,New Orleans Saints,RB,14,13,0,0,171,797,4.66,5,81,533,6.58,1,6,248.5,16,41,2019,,
42,Marlon Mack,Indianapolis Colts,RB,14,0,0,0,247,1091,4.42,8,14,82,5.86,0,8,181.3,17,42,2019,,
43,Jarvis Landry,Cleveland Browns,WR,16,0,0,0,1,10,10.00,0,83,1174,14.14,6,6,237.4,14,43,2019,,
44,Josh Allen,Buffalo Bills,QB,16,3089,20,9,109,510,4.68,9,0,0,,0,9,288.6,6,44,2019,,
45,Tyler Lockett,Seattle Seahawks,WR,16,0,0,0,4,-5,-1.25,0,82,1057,12.89,8,8,235.2,15,45,2019,,
46,DJ Chark,Jacksonville Jaguars,WR,15,0,0,0,2,20,10.00,0,73,1008,13.81,8,8,225.8,16,46,2019,,
47,Kenyan Drake,Arizona Cardinals,RB,14,0,0,0,170,817,4.81,8,50,345,6.90,0,8,214.2,18,47,2019,,
48,Patrick Mahomes,Kansas City Chiefs,QB,14,4031,26,5,43,218,5.07,2,0,0,,0,2,287.0,7,48,2019,,
49,Phillip Lindsay,Denver Broncos,RB,16,0,0,0,224,1011,4.51,7,35,196,5.60,0,7,197.7,19,49,2019,,
50,Kyler Murray,Arizona Cardinals,QB,16,3722,20,12,93,544,5.85,4,0,0,,0,4,285.3,8,50,2019,,
51,Courtland Sutton,Denver Broncos,WR,16,38,0,0,3,17,5.67,0,72,1112,15.44,6,6,222.4,17,51,2019,,
52,Stefon Diggs,Minnesota Vikings,WR,15,0,0,0,5,61,12.20,0,63,1130,17.94,6,6,212.1,18,52,2019,,
53,John Brown,Buffalo Bills,WR,15,28,1,0,2,7,3.50,0,72,1060,14.72,6,6,219.8,19,53,2019,,
54,Hunter Henry,Los Angeles Chargers,TE,12,0,0,0,0,0,,0,55,652,11.85,5,5,150.2,8,54,2019,,
55,Michael Gallup,Dallas Cowboys,WR,14,0,0,0,0,0,,0,66,1107,16.77,6,6,212.7,20,55,2019,,
56,Aaron Rodgers,Green Bay Packers,QB,16,4002,26,4,46,183,3.98,1,0,0,,0,1,278.4,9,56,2019,,
57,Tyler Higbee,Los Angeles Rams,TE,15,0,0,0,0,0,,0,69,734,10.64,3,3,160.4,9,57,2019,,
58,D.J. Moore,Carolina Panthers,WR,15,0,0,0,6,40,6.67,0,87,1175,13.51,4,4,230.5,21,58,2019,,
59,Robert Woods,Los Angeles Rams,WR,15,0,0,0,17,115,6.76,1,90,1134,12.60,2,3,232.9,22,59,2019,,
60,Carson Wentz,Philadelphia Eagles,QB,16,4039,27,7,62,243,3.92,1,0,0,,0,1,275.9,10,60,2019,,
1,Todd Gurley,Los Angeles Rams,RB,14,0,0,0,256,1251,4.89,17,59,580,9.83,4,21,372.1,1,1,2018,,
2,Saquon Barkley,New York Giants,RB,16,0,0,0,261,1307,5.01,11,91,721,7.92,4,15,385.8,2,2,2018,,
3,Christian McCaffrey,Carolina Panthers,RB,16,50,1,0,219,1098,5.01,7,107,867,8.10,6,13,385.5,3,3,2018,,
4,Alvin Kamara,New Orleans Saints,RB,15,0,0,0,194,883,4.55,14,81,709,8.75,4,18,354.2,4,4,2018,,
5,Patrick Mahomes,Kansas City Chiefs,QB,16,5097,50,12,60,272,4.53,2,0,0,,0,2,417.1,1,5,2018,,
6,Tyreek Hill,Kansas City Chiefs,WR,16,0,0,0,22,151,6.86,1,87,1479,17.00,12,14,334.0,1,6,2018,,
7,Ezekiel Elliott,Dallas Cowboys,RB,15,0,0,0,304,1434,4.72,6,77,567,7.36,3,9,329.1,5,7,2018,,
8,Travis Kelce,Kansas City Chiefs,TE,16,0,0,0,0,0,,0,103,1336,12.97,10,10,294.6,1,8,2018,,
9,Antonio Brown,Pittsburgh Steelers,WR,15,0,0,0,0,0,,0,104,1297,12.47,15,15,323.7,2,9,2018,,
10,Davante Adams,Green Bay Packers,WR,15,0,0,0,0,0,,0,111,1386,12.49,13,13,329.6,3,10,2018,,
11,DeAndre Hopkins,Houston Texans,WR,16,0,0,0,1,-7,-7.00,0,115,1572,13.67,11,11,333.5,4,11,2018,,
12,Julio Jones,Atlanta Falcons,WR,16,0,0,0,2,12,6.00,0,113,1677,14.84,8,8,325.9,5,12,2018,,
13,Melvin Gordon,Los Angeles Chargers,RB,12,0,0,0,175,885,5.06,10,50,490,9.80,4,14,275.5,6,13,2018,,
14,James Conner,Pittsburgh Steelers,RB,13,0,0,0,215,973,4.53,12,55,497,9.04,1,13,280.0,7,14,2018,,
15,Mike Evans,Tampa Bay Buccaneers,WR,16,0,0,0,0,0,,0,86,1524,17.72,8,9,290.4,6,15,2018,,
16,George Kittle,San Francisco 49ers,TE,16,0,0,0,1,10,10.00,0,88,1377,15.65,5,5,258.7,2,16,2018,,
17,Zach Ertz,Philadelphia Eagles,TE,16,0,0,0,0,0,,0,116,1163,10.03,8,8,280.3,3,17,2018,,
18,Adam Thielen,Minnesota Vikings,WR,16,0,0,0,5,30,6.00,0,113,1373,12.15,9,9,307.3,7,18,2018,,
19,Michael Thomas,New Orleans Saints,WR,16,0,0,0,0,0,,0,125,1405,11.24,9,9,315.5,8,19,2018,,
20,Eric Ebron,Indianapolis Colts,TE,16,0,0,0,3,-8,-2.67,1,66,750,11.36,13,14,222.2,4,20,2018,,
21,Matt Ryan,Atlanta Falcons,QB,16,4924,35,7,33,125,3.79,3,1,5,5.00,1,4,355.0,2,21,2018,,
22,JuJu Smith-Schuster,Pittsburgh Steelers,WR,16,0,0,0,1,13,13.00,0,111,1426,12.85,7,7,296.9,9,22,2018,,
23,Kareem Hunt,Kansas City Chiefs,RB,11,0,0,0,181,824,4.55,7,26,378,14.54,7,14,230.2,8,23,2018,,
24,Joe Mixon,Cincinnati Bengals,RB,14,0,0,0,237,1168,4.93,8,43,296,6.88,1,9,243.4,9,24,2018,,
25,Robert Woods,Los Angeles Rams,WR,16,0,0,0,19,157,8.26,1,86,1219,14.17,6,7,265.6,10,25,2018,,
26,David Johnson,Arizona Cardinals,RB,16,0,0,0,258,940,3.64,7,50,446,8.92,3,10,246.6,10,26,2018,,
27,Ben Roethlisberger,Pittsburgh Steelers,QB,16,5129,34,16,31,98,3.16,3,1,-1,-1.00,0,3,341.9,3,27,2018,,
28,James White,New England Patriots,RB,16,0,0,0,94,425,4.52,5,87,751,8.63,7,12,276.6,11,28,2018,,
29,Phillip Lindsay,Denver Broncos,RB,15,0,0,0,192,1037,5.40,9,35,241,6.89,1,10,222.8,12,29,2018,,
30,Derrick Henry,Tennessee Titans,RB,16,14,0,0,215,1059,4.93,12,15,99,6.60,0,12,201.4,13,30,2018,,
31,Deshaun Watson,Houston Texans,QB,16,4165,26,9,99,551,5.57,5,0,0,,0,5,331.7,4,31,2018,,
32,Tyler Lockett,Seattle Seahawks,WR,16,0,0,0,13,69,5.31,0,57,965,16.93,10,10,222.4,11,32,2018,,
33,Stefon Diggs,Minnesota Vikings,WR,15,0,0,0,10,62,6.20,0,102,1021,10.01,9,9,266.3,12,33,2018,,
34,Brandin Cooks,Los Angeles Rams,WR,16,0,0,0,10,68,6.80,1,80,1204,15.05,5,6,243.2,13,34,2018,,
35,Keenan Allen,Los Angeles Chargers,WR,16,0,0,0,9,75,8.33,0,97,1196,12.33,6,6,260.1,14,35,2018,,
36,T.Y. Hilton,Indianapolis Colts,WR,14,0,0,0,0,0,,0,76,1270,16.71,6,6,239.0,15,36,2018,,
37,Chris Carson,Seattle Seahawks,RB,14,0,0,0,247,1151,4.66,9,20,163,8.15,0,9,201.4,14,37,2018,,
38,Andrew Luck,Indianapolis Colts,QB,16,4593,39,15,46,148,3.22,0,1,4,4.00,0,0,327.9,5,38,2018,,
39,Jared Cook,Oakland Raiders,TE,16,0,0,0,0,0,,0,68,896,13.18,6,6,193.6,5,39,2018,,
40,Nick Chubb,Cleveland Browns,RB,16,0,0,0,192,996,5.19,8,20,149,7.45,2,10,194.5,15,40,2018,,
41,Odell Beckham Jr.,New York Giants,WR,12,106,2,0,5,19,3.80,0,77,1052,13.66,6,6,230.3,16,41,2018,,
42,Adrian Peterson,Washington Redskins,RB,16,0,0,0,251,1042,4.15,7,20,208,10.40,1,8,189.0,16,42,2018,,
43,Aaron Rodgers,Green Bay Packers,QB,16,4442,25,2,43,269,6.26,2,0,0,,0,2,312.6,6,43,2018,,
44,Tyler Boyd,Cincinnati Bengals,WR,14,0,0,0,2,3,1.50,0,76,1028,13.53,7,7,221.1,17,44,2018,,
45,Jared Goff,Los Angeles Rams,QB,16,4688,32,12,43,108,2.51,2,0,0,,0,2,310.3,7,45,2018,,
46,Tarik Cohen,Chicago Bears,RB,16,1,1,0,99,444,4.48,3,71,725,10.21,5,8,233.9,17,46,2018,,
47,Calvin Ridley,Atlanta Falcons,WR,16,0,0,0,6,27,4.50,0,64,821,12.83,10,10,206.8,18,47,2018,,
48,Tevin Coleman,Atlanta Falcons,RB,16,0,0,0,167,800,4.79,4,32,276,8.63,5,9,193.6,18,48,2018,,
49,Marlon Mack,Indianapolis Colts,RB,12,0,0,0,195,908,4.66,9,17,103,6.06,1,10,178.1,19,49,2018,,
50,Jordan Howard,Chicago Bears,RB,16,0,0,0,250,935,3.74,9,20,145,7.25,0,9,180.0,20,50,2018,,
51,Amari Cooper,Dallas Cowboys,WR,15,0,0,0,2,20,10.00,0,75,1005,13.40,7,7,215.5,19,51,2018,,
52,Drew Brees,New Orleans Saints,QB,15,3992,32,5,31,22,0.71,4,1,1,1.00,0,4,305.0,8,52,2018,,
53,Mike Williams,Los Angeles Chargers,WR,16,0,0,0,7,28,4.00,1,43,664,15.44,10,11,180.2,20,53,2018,,
54,Kenny Golladay,Detroit Lions,WR,15,0,0,0,1,8,8.00,0,70,1063,15.19,5,5,207.1,21,54,2018,,
55,Jarvis Landry,Cleveland Browns,WR,16,63,0,0,3,60,20.00,1,81,976,12.05,4,5,217.1,22,55,2018,,
56,Kenyan Drake,Miami Dolphins,RB,16,0,0,0,120,535,4.46,4,53,477,9.00,5,9,206.2,21,56,2018,,
57,Julian Edelman,New England Patriots,WR,12,43,0,0,9,107,11.89,0,74,850,11.49,6,6,207.4,23,57,2018,,
58,Russell Wilson,Seattle Seahawks,QB,16,3448,35,7,67,376,5.61,0,1,-11,-11.00,0,0,299.4,9,58,2018,,
59,Lamar Miller,Houston Texans,RB,14,0,0,0,210,973,4.63,5,25,163,6.52,1,6,172.6,22,59,2018,,
60,Emmanuel Sanders,Denver Broncos,WR,12,28,1,0,4,53,13.25,1,71,868,12.23,4,5,198.2,24,60,2018,,
1,Todd Gurley,Los Angeles Rams,RB,15,0,0,0,279,1305,4.68,13,64,788,12.31,6,19,383.3,1,1,2017,,
2,Le'Veon Bell,Pittsburgh Steelers,RB,15,0,0,0,321,1291,4.02,9,85,655,7.71,2,11,341.6,2,2,2017,,
3,Kareem Hunt,Kansas City Chiefs,RB,16,0,0,0,272,1327,4.88,8,53,455,8.58,3,11,295.2,3,3,2017,,
4,Alvin Kamara,New Orleans Saints,RB,16,0,0,0,120,728,6.07,8,81,826,10.20,5,14,320.4,4,4,2017,,
5,Melvin Gordon,Los Angeles Chargers,RB,16,0,0,0,284,1105,3.89,8,58,476,8.21,4,12,288.1,5,5,2017,,
6,DeAndre Hopkins,Houston Texans,WR,15,0,0,0,0,0,,0,96,1378,14.35,13,13,309.8,1,6,2017,,
7,Antonio Brown,Pittsburgh Steelers,WR,14,0,0,0,0,0,,0,101,1533,15.18,9,9,310.3,2,7,2017,,
8,Mark Ingram,New Orleans Saints,RB,16,0,0,0,230,1124,4.89,12,58,416,7.17,0,12,278.0,6,8,2017,,
9,Russell Wilson,Seattle Seahawks,QB,16,3983,34,11,95,586,6.17,3,0,0,,0,3,347.9,1,9,2017,,
10,LeSean McCoy,Buffalo Bills,RB,16,0,0,0,287,1138,3.97,6,59,448,7.59,2,8,263.6,7,10,2017,,
11,Rob Gronkowski,New England Patriots,TE,14,0,0,0,0,0,,0,69,1084,15.71,8,8,227.4,1,11,2017,,
12,Keenan Allen,Los Angeles Chargers,WR,16,0,0,0,2,9,4.50,0,102,1393,13.66,6,7,284.2,3,12,2017,,
13,Travis Kelce,Kansas City Chiefs,TE,15,0,0,1,2,7,3.50,0,83,1038,12.51,8,8,233.5,2,13,2017,,
14,Leonard Fournette,Jacksonville Jaguars,RB,13,0,0,0,268,1040,3.88,9,36,302,8.39,1,10,230.2,8,14,2017,,
15,Tyreek Hill,Kansas City Chiefs,WR,15,0,0,1,17,59,3.47,0,75,1183,15.77,7,8,245.2,4,15,2017,,
16,Marvin Jones,Detroit Lions,WR,16,0,0,0,0,0,,0,61,1101,18.05,9,9,225.1,5,16,2017,,
17,Julio Jones,Atlanta Falcons,WR,16,0,0,0,1,15,15.00,0,88,1444,16.41,3,3,251.9,6,17,2017,,
18,Ezekiel Elliott,Dallas Cowboys,RB,10,0,0,0,242,983,4.06,7,26,269,10.35,2,9,203.2,9,18,2017,,
19,Jordan Howard,Chicago Bears,RB,16,0,0,0,276,1122,4.07,9,23,125,5.43,0,9,199.7,10,19,2017,,
20,Carlos Hyde,San Francisco 49ers,RB,16,0,0,0,240,938,3.91,8,59,350,5.93,0,8,233.8,11,20,2017,,
21,Zach Ertz,Philadelphia Eagles,TE,14,0,0,0,0,0,,0,74,824,11.14,8,8,202.4,3,21,2017,,
22,Brandin Cooks,New England Patriots,WR,16,0,0,0,9,40,4.44,0,65,1082,16.65,7,7,221.2,7,22,2017,,
23,Cam Newton,Carolina Panthers,QB,16,3302,22,16,139,754,5.42,6,0,0,,0,6,299.5,2,23,2017,,
24,Dion Lewis,New England Patriots,RB,16,0,0,0,180,896,4.98,6,32,214,6.69,3,10,203.0,12,24,2017,,
25,Michael Thomas,New Orleans Saints,WR,16,0,0,0,0,0,,0,104,1245,11.97,5,5,258.5,8,25,2017,,
26,Larry Fitzgerald,Arizona Cardinals,WR,16,21,0,0,0,0,,0,109,1156,10.61,6,6,261.4,9,26,2017,,
27,A.J. Green,Cincinnati Bengals,WR,16,0,0,0,0,0,,0,75,1078,14.37,8,8,226.8,10,27,2017,,
28,Tom Brady,New England Patriots,QB,16,4577,32,8,25,28,1.12,0,0,0,,0,0,295.9,3,28,2017,,
29,Alex Smith,Kansas City Chiefs,QB,15,4042,26,5,60,355,5.92,1,0,0,,0,1,295.2,4,29,2017,,
30,Adam Thielen,Minnesota Vikings,WR,16,0,0,0,1,11,11.00,0,91,1276,14.02,4,4,239.7,11,30,2017,,
31,Davante Adams,Green Bay Packers,WR,14,0,0,0,0,0,,0,74,885,11.96,10,10,222.5,12,31,2017,,
32,Doug Baldwin,Seattle Seahawks,WR,16,0,0,0,2,-8,-4.00,0,75,991,13.21,8,8,223.3,13,32,2017,,
33,Devonta Freeman,Atlanta Falcons,RB,14,0,0,0,196,865,4.41,7,36,317,8.81,1,8,200.2,13,33,2017,,
34,Jarvis Landry,Miami Dolphins,WR,16,0,0,0,1,-7,-7.00,0,112,987,8.81,9,9,260.0,14,34,2017,,
35,Jimmy Graham,Seattle Seahawks,TE,16,0,0,0,0,0,,0,57,520,9.12,10,10,171.0,4,35,2017,,
36,Lamar Miller,Houston Texans,RB,16,0,0,0,238,888,3.73,3,36,327,9.08,3,6,193.5,14,36,2017,,
37,JuJu Smith-Schuster,Pittsburgh Steelers,WR,14,0,0,0,0,0,,0,58,917,15.81,7,8,197.7,15,37,2017,,
38,Alshon Jeffery,Philadelphia Eagles,WR,16,0,0,0,0,0,,0,57,789,13.84,9,9,195.9,16,38,2017,,
39,Evan Engram,New York Giants,TE,15,0,0,0,1,14,14.00,0,64,722,11.28,6,6,173.6,5,39,2017,,
40,Carson Wentz,Philadelphia Eagles,QB,13,3296,33,7,64,299,4.67,0,0,0,,0,0,281.7,5,40,2017,,
41,Robbie Chosen,New York Jets,WR,16,0,0,0,3,9,3.00,0,63,941,14.94,7,7,200.0,17,41,2017,,
42,Stefon Diggs,Minnesota Vikings,WR,14,0,0,0,8,13,1.63,0,64,849,13.27,8,8,198.2,18,42,2017,,
43,Kirk Cousins,Washington Redskins,QB,16,4093,27,13,49,179,3.65,4,0,0,,0,4,277.6,6,43,2017,,
44,Golden Tate,Detroit Lions,WR,16,0,0,0,5,22,4.40,0,92,1003,10.90,5,5,224.5,19,44,2017,,
45,Christian McCaffrey,Carolina Panthers,RB,16,0,0,0,117,435,3.72,2,80,651,8.14,5,7,228.6,15,45,2017,,
46,Mike Evans,Tampa Bay Buccaneers,WR,15,0,0,0,0,0,,0,71,1001,14.10,5,5,203.1,20,46,2017,,
47,Devin Funchess,Carolina Panthers,WR,16,0,0,0,0,0,,0,63,840,13.33,8,8,195.0,21,47,2017,,
48,Alex Collins,Baltimore Ravens,RB,15,0,0,0,212,973,4.59,6,23,187,8.13,0,6,171.0,16,48,2017,,
49,Nelson Agholor,Philadelphia Eagles,WR,16,0,0,0,1,7,7.00,0,62,768,12.39,8,9,193.5,22,49,2017,,
50,C.J. Anderson,Denver Broncos,RB,16,0,0,0,245,1007,4.11,3,28,224,8.00,1,4,175.1,17,50,2017,,
51,Kyle Rudolph,Minnesota Vikings,TE,16,0,0,0,0,0,,0,57,532,9.33,8,8,158.2,6,51,2017,,
52,Delanie Walker,Tennessee Titans,TE,16,0,0,0,2,-2,-1.00,1,74,807,10.91,3,4,174.5,7,52,2017,,
53,Matthew Stafford,Detroit Lions,QB,16,4446,29,10,29,98,3.38,0,0,0,,0,0,273.6,7,53,2017,,
54,Frank Gore,Indianapolis Colts,RB,16,0,0,0,261,961,3.68,3,29,245,8.45,1,4,173.6,18,54,2017,,
55,Marshawn Lynch,Oakland Raiders,RB,15,0,0,0,207,891,4.30,7,20,151,7.55,0,7,164.2,19,55,2017,,
56,Latavius Murray,Minnesota Vikings,RB,16,0,0,0,216,842,3.90,8,15,103,6.87,0,8,157.5,20,56,2017,,
57,Philip Rivers,Los Angeles Chargers,QB,16,4515,28,10,18,-2,-0.11,0,0,0,,0,0,270.4,8,57,2017,,
58,Duke Johnson,Cleveland Browns,RB,16,0,0,0,82,348,4.24,4,74,693,9.36,3,7,216.1,21,58,2017,,
59,Tevin Coleman,Atlanta Falcons,RB,15,0,0,0,156,628,4.03,5,27,299,11.07,3,8,167.7,22,59,2017,,
60,Cameron Brate,Tampa Bay Buccaneers,TE,16,0,0,0,0,0,,0,48,591,12.31,6,6,143.1,8,60,2017,,
1,David Johnson,Arizona Cardinals,RB,16,0,0,0,293,1239,4.23,16,80,879,10.99,4,20,407.8,1,1,2016,,
2,Ezekiel Elliott,Dallas Cowboys,RB,15,0,0,0,322,1631,5.07,15,32,363,11.34,1,16,325.4,2,2,2016,,
3,Aaron Rodgers,Green Bay Packers,QB,16,4428,40,7,67,369,5.51,4,0,0,,0,4,380.0,1,3,2016,,
4,LeSean McCoy,Buffalo Bills,RB,15,0,0,0,234,1267,5.41,13,50,356,7.12,1,14,298.3,3,4,2016,,
5,Le'Veon Bell,Pittsburgh Steelers,RB,12,0,0,0,261,1268,4.86,7,75,616,8.21,2,9,317.4,4,5,2016,,
6,DeMarco Murray,Tennessee Titans,RB,16,10,1,0,293,1287,4.39,9,53,377,7.11,3,12,293.8,5,6,2016,,
7,Devonta Freeman,Atlanta Falcons,RB,16,0,0,0,227,1079,4.75,11,54,462,8.56,2,13,284.1,6,7,2016,,
8,LeGarrette Blount,New England Patriots,RB,16,0,0,0,299,1161,3.88,18,7,38,5.43,0,18,232.9,7,8,2016,,
9,Matt Ryan,Atlanta Falcons,QB,16,4944,38,7,35,117,3.34,0,0,0,,0,0,347.5,2,9,2016,,
10,Mike Evans,Tampa Bay Buccaneers,WR,16,0,0,0,0,0,,0,96,1321,13.76,12,12,304.1,1,10,2016,,
11,Jordy Nelson,Green Bay Packers,WR,16,0,0,0,0,0,,0,97,1257,12.96,14,14,304.7,2,11,2016,,
12,Antonio Brown,Pittsburgh Steelers,WR,15,0,0,0,3,9,3.00,0,106,1284,12.11,12,12,307.3,3,12,2016,,
13,Melvin Gordon,San Diego Chargers,RB,13,0,0,0,254,997,3.93,10,41,419,10.22,2,12,250.6,8,13,2016,,
14,Drew Brees,New Orleans Saints,QB,16,5208,37,15,23,20,0.87,2,0,0,,0,2,332.3,3,14,2016,,
15,Odell Beckham Jr.,New York Giants,WR,16,0,0,0,1,9,9.00,0,101,1367,13.53,10,10,296.6,4,15,2016,,
16,Jordan Howard,Chicago Bears,RB,15,0,0,0,252,1313,5.21,6,29,298,10.28,1,7,230.1,9,16,2016,,
17,Mark Ingram,New Orleans Saints,RB,16,0,0,0,205,1043,5.09,6,46,319,6.93,4,10,242.2,10,17,2016,,
18,T.Y. Hilton,Indianapolis Colts,WR,16,0,0,0,0,0,,0,91,1448,15.91,6,6,273.8,5,18,2016,,
19,Jay Ajayi,Miami Dolphins,RB,15,0,0,0,260,1272,4.89,8,27,151,5.59,0,8,215.3,11,19,2016,,
20,Travis Kelce,Kansas City Chiefs,TE,16,0,0,0,1,-5,-5.00,0,85,1125,13.24,4,4,223.0,1,20,2016,,
21,Julio Jones,Atlanta Falcons,WR,14,0,0,0,0,0,,0,83,1409,16.98,6,6,259.9,6,21,2016,,
22,Andrew Luck,Indianapolis Colts,QB,15,4240,31,13,64,341,5.33,2,0,0,,0,2,307.7,4,22,2016,,
23,Davante Adams,Green Bay Packers,WR,16,0,0,0,0,0,,0,75,997,13.29,12,12,246.7,7,23,2016,,
24,Brandin Cooks,New Orleans Saints,WR,16,0,0,0,6,30,5.00,0,78,1173,15.04,8,8,246.3,8,24,2016,,
25,Greg Olsen,Carolina Panthers,TE,16,0,0,0,0,0,,0,80,1073,13.41,3,3,207.3,2,25,2016,,
26,Kirk Cousins,Washington Redskins,QB,16,4917,25,12,34,96,2.82,4,0,0,,0,4,300.3,5,26,2016,,
27,Frank Gore,Indianapolis Colts,RB,16,0,0,0,263,1025,3.90,4,38,277,7.29,4,8,214.2,12,27,2016,,
28,Kyle Rudolph,Minnesota Vikings,TE,16,0,0,0,0,0,,0,83,840,10.12,7,7,209.0,3,28,2016,,
29,Latavius Murray,Oakland Raiders,RB,14,0,0,0,195,788,4.04,12,33,264,8.00,0,12,208.2,13,29,2016,,
30,Michael Thomas,New Orleans Saints,WR,15,0,0,0,0,0,,0,92,1137,12.36,9,9,255.7,9,30,2016,,
31,Jimmy Graham,Seattle Seahawks,TE,16,0,0,0,1,0,0.00,0,65,923,14.20,6,6,189.3,4,31,2016,,
32,Delanie Walker,Tennessee Titans,TE,15,0,0,0,2,11,5.50,0,65,800,12.31,7,7,188.1,5,32,2016,,
33,Doug Baldwin,Seattle Seahawks,WR,16,15,1,0,3,2,0.67,0,94,1128,12.00,7,7,253.6,10,33,2016,,
34,Tyreek Hill,Kansas City Chiefs,WR,16,0,0,0,24,267,11.13,3,61,593,9.72,6,12,217.0,11,34,2016,,
35,Isaiah Crowell,Cleveland Browns,RB,16,0,0,0,198,952,4.81,7,40,319,7.98,0,7,205.1,14,35,2016,,
36,Carlos Hyde,San Francisco 49ers,RB,13,0,0,0,217,988,4.55,6,27,163,6.04,3,9,192.1,15,36,2016,,
37,Cameron Brate,Tampa Bay Buccaneers,TE,15,0,0,0,0,0,,0,57,660,11.58,8,8,171.0,6,37,2016,,
38,Dak Prescott,Dallas Cowboys,QB,16,3667,23,4,57,282,4.95,6,0,0,,0,6,286.9,6,38,2016,,
39,Martellus Bennett,New England Patriots,TE,16,0,0,0,2,10,5.00,0,55,701,12.75,7,7,168.1,7,39,2016,,
40,Michael Crabtree,Oakland Raiders,WR,16,0,0,0,0,0,,0,89,1003,11.27,8,8,239.3,12,40,2016,,
41,Spencer Ware,Kansas City Chiefs,RB,14,0,0,0,214,921,4.30,3,33,447,13.55,2,5,193.8,16,41,2016,,
42,Amari Cooper,Oakland Raiders,WR,16,0,0,0,1,0,0.00,0,83,1153,13.89,5,5,232.3,13,42,2016,,
43,Lamar Miller,Houston Texans,RB,14,0,0,0,268,1073,4.00,5,31,188,6.06,1,6,191.1,18,43,2016,,
44,Tevin Coleman,Atlanta Falcons,RB,13,0,0,0,118,520,4.41,8,31,421,13.58,3,11,191.1,17,44,2016,,
45,Tyrell Williams,San Diego Chargers,WR,16,0,0,0,0,0,,0,69,1059,15.35,7,7,216.9,14,45,2016,,
46,Rishard Matthews,Tennessee Titans,WR,16,0,0,0,0,0,,0,65,945,14.54,9,9,211.5,15,46,2016,,
47,Matthew Stafford,Detroit Lions,QB,16,4327,24,10,37,207,5.59,2,0,0,,0,2,279.8,7,47,2016,,
48,Jeremy Hill,Cincinnati Bengals,RB,15,0,0,0,222,839,3.78,9,21,174,8.29,0,9,176.3,19,48,2016,,
49,Zach Ertz,Philadelphia Eagles,TE,14,0,0,0,0,0,,0,78,816,10.46,4,4,183.6,8,49,2016,,
50,Todd Gurley,Los Angeles Rams,RB,16,0,0,0,278,885,3.18,6,43,327,7.60,0,6,198.2,20,50,2016,,
51,Matt Forte,New York Jets,RB,14,0,0,0,218,813,3.73,7,30,263,8.77,1,8,183.6,21,51,2016,,
52,Jordan Reed,Washington Redskins,TE,12,0,0,0,0,0,,0,66,686,10.39,6,6,168.6,9,52,2016,,
53,Jarvis Landry,Miami Dolphins,WR,16,0,0,0,5,17,3.40,0,94,1136,12.09,4,4,231.3,16,53,2016,,
54,Larry Fitzgerald,Arizona Cardinals,WR,16,0,0,0,2,5,2.50,0,107,1023,9.56,6,6,243.8,17,54,2016,,
55,Tyrod Taylor,Buffalo Bills,QB,15,3023,17,6,95,580,6.11,6,0,0,,0,6,270.9,8,55,2016,,
56,Terrelle Pryor,Cleveland Browns,WR,16,41,0,0,8,21,2.63,1,77,1007,13.08,4,5,213.4,18,56,2016,,
57,Demaryius Thomas,Denver Broncos,WR,16,0,0,0,0,0,,0,90,1083,12.03,5,5,226.3,19,57,2016,,
58,Blake Bortles,Jacksonville Jaguars,QB,16,3905,23,16,58,359,6.19,3,1,20,20.00,1,4,271.1,9,58,2016,,
59,Kelvin Benjamin,Carolina Panthers,WR,16,0,0,0,0,0,,0,63,941,14.94,7,7,197.1,20,59,2016,,
60,Derek Carr,Oakland Raiders,QB,15,3937,28,6,39,70,1.79,0,0,0,,0,0,268.5,10,60,2016,,
1,Devonta Freeman,Atlanta Falcons,RB,15,0,0,0,265,1056,3.98,11,73,578,7.92,3,14,316.4,1,1,2015,,
2,Antonio Brown,Pittsburgh Steelers,WR,16,0,0,0,3,28,9.33,0,136,1834,13.49,10,11,388.2,1,2,2015,,
3,Adrian Peterson,Minnesota Vikings,RB,16,0,0,0,327,1485,4.54,11,30,222,7.40,0,11,260.7,2,3,2015,,
4,Julio Jones,Atlanta Falcons,WR,16,0,0,0,0,0,,0,136,1871,13.76,8,9,375.1,2,4,2015,,
5,Cam Newton,Carolina Panthers,QB,16,3837,35,10,132,636,4.82,10,0,0,,0,10,389.1,1,5,2015,,
6,Brandon Marshall,New York Jets,WR,16,0,0,0,0,0,,0,109,1502,13.78,14,14,339.2,3,6,2015,,
7,Allen Robinson,Jacksonville Jaguars,WR,16,0,0,0,0,0,,0,80,1400,17.50,14,14,304.0,4,7,2015,,
8,Odell Beckham Jr.,New York Giants,WR,15,0,0,0,1,3,3.00,0,96,1450,15.10,13,13,319.3,5,8,2015,,
9,Rob Gronkowski,New England Patriots,TE,15,0,0,0,0,0,,0,72,1176,16.33,11,11,255.6,1,9,2015,,
10,DeAndre Hopkins,Houston Texans,WR,16,0,0,0,0,0,,0,111,1521,13.70,11,11,331.1,6,10,2015,,
11,Doug Martin,Tampa Bay Buccaneers,RB,16,0,0,0,288,1402,4.87,6,33,271,8.21,1,7,232.3,3,11,2015,,
12,DeAngelo Williams,Pittsburgh Steelers,RB,16,0,0,0,200,907,4.54,11,40,367,9.18,0,11,231.4,4,12,2015,,
13,Gary Barnidge,Cleveland Browns,TE,16,0,0,0,0,0,,0,79,1043,13.20,9,9,237.3,2,13,2015,,
14,Todd Gurley,St. Louis Rams,RB,13,0,0,0,229,1106,4.83,10,21,188,8.95,0,10,208.4,5,14,2015,,
15,Jordan Reed,Washington Redskins,TE,14,0,0,0,0,0,,0,87,952,10.94,11,11,244.2,3,15,2015,,
16,Lamar Miller,Miami Dolphins,RB,16,0,0,0,194,872,4.49,8,47,397,8.45,2,10,231.9,6,16,2015,,
17,Doug Baldwin,Seattle Seahawks,WR,16,0,0,0,0,0,,0,78,1069,13.71,14,14,268.9,7,17,2015,,
18,Greg Olsen,Carolina Panthers,TE,16,0,0,0,0,0,,0,77,1104,14.34,7,7,227.4,4,18,2015,,
19,Delanie Walker,Tennessee Titans,TE,15,0,0,0,1,36,36.00,0,94,1088,11.57,6,6,244.4,5,19,2015,,
20,Tom Brady,New England Patriots,QB,16,4770,36,7,34,53,1.56,3,1,36,36.00,0,3,344.7,2,20,2015,,
21,David Johnson,Arizona Cardinals,RB,16,0,0,0,125,581,4.65,8,36,457,12.69,4,13,215.8,7,21,2015,,
22,A.J. Green,Cincinnati Bengals,WR,16,0,0,0,0,0,,0,86,1297,15.08,10,10,273.7,8,22,2015,,
23,Chris Ivory,New York Jets,RB,15,0,0,0,247,1070,4.33,7,30,217,7.23,1,8,202.7,8,23,2015,,
24,Russell Wilson,Seattle Seahawks,QB,16,4024,34,8,103,553,5.37,1,0,0,,0,1,336.3,3,24,2015,,
25,Matt Forte,Chicago Bears,RB,13,0,0,0,218,898,4.12,4,44,389,8.84,3,7,214.7,9,25,2015,,
26,Tyler Eifert,Cincinnati Bengals,TE,13,0,0,0,0,0,,0,52,615,11.83,13,13,191.5,6,26,2015,,
27,Calvin Johnson,Detroit Lions,WR,16,0,0,0,0,0,,0,88,1214,13.80,9,9,261.4,9,27,2015,,
28,Latavius Murray,Oakland Raiders,RB,16,0,0,0,266,1066,4.01,6,41,232,5.66,0,6,204.8,10,28,2015,,
29,Eric Decker,New York Jets,WR,15,0,0,0,0,0,,0,80,1027,12.84,12,12,252.7,10,29,2015,,
30,Larry Fitzgerald,Arizona Cardinals,WR,16,0,0,0,0,0,,0,109,1215,11.15,9,9,280.5,11,30,2015,,
31,Brandin Cooks,New Orleans Saints,WR,16,0,0,0,8,18,2.25,0,84,1138,13.55,9,9,253.6,12,31,2015,,
32,Frank Gore,Indianapolis Colts,RB,16,0,0,0,260,967,3.72,6,34,267,7.85,1,7,193.4,11,32,2015,,
33,Jarvis Landry,Miami Dolphins,WR,16,9,0,0,18,113,6.28,1,110,1157,10.52,4,6,275.4,13,33,2015,,
34,Darren McFadden,Dallas Cowboys,RB,16,0,0,0,239,1089,4.56,3,40,328,8.20,0,3,195.7,12,34,2015,,
35,Jeremy Hill,Cincinnati Bengals,RB,16,0,0,0,223,794,3.56,11,15,79,5.27,1,12,170.3,13,35,2015,,
36,Danny Woodhead,San Diego Chargers,WR,16,0,0,0,98,336,3.43,3,80,755,9.44,6,9,243.1,14,36,2015,,
37,Mark Ingram,New Orleans Saints,RB,12,0,0,0,166,769,4.63,6,50,405,8.10,0,6,203.4,14,37,2015,,
38,Demaryius Thomas,Denver Broncos,WR,16,0,0,0,0,0,,0,105,1304,12.42,6,6,267.4,15,38,2015,,
39,Blake Bortles,Jacksonville Jaguars,QB,16,4428,35,18,52,310,5.96,2,0,0,,0,2,316.1,4,39,2015,,
40,Allen Hurns,Jacksonville Jaguars,WR,15,0,0,0,0,0,,0,64,1031,16.11,10,10,225.1,16,40,2015,,
41,Sammy Watkins,Buffalo Bills,WR,13,0,0,0,1,1,1.00,0,60,1047,17.45,9,9,218.8,17,41,2015,,
42,Travis Kelce,Kansas City Chiefs,TE,16,0,0,0,0,0,,0,72,875,12.15,5,5,189.5,7,42,2015,,
43,Jeremy Maclin,Kansas City Chiefs,WR,15,0,0,0,3,14,4.67,0,87,1088,12.51,8,8,243.2,18,43,2015,,
44,Jonathan Stewart,Carolina Panthers,RB,13,0,0,0,242,989,4.09,6,16,99,6.19,1,7,162.8,15,44,2015,,
45,LeSean McCoy,Buffalo Bills,RB,12,0,0,0,203,895,4.41,3,32,292,9.13,2,5,178.7,16,45,2015,,
46,Ben Watson,New Orleans Saints,TE,16,0,0,0,0,0,,0,74,825,11.15,6,6,190.5,8,46,2015,,
47,Carson Palmer,Arizona Cardinals,QB,16,4671,35,11,25,24,0.96,1,0,0,,0,1,309.2,5,47,2015,,
48,DeMarco Murray,Philadelphia Eagles,RB,15,0,0,0,193,702,3.64,6,44,322,7.32,1,7,184.4,17,48,2015,,
49,Drew Brees,New Orleans Saints,QB,15,4870,32,11,24,14,0.58,1,0,0,,0,1,304.2,6,49,2015,,
50,Emmanuel Sanders,Denver Broncos,WR,15,0,0,0,3,29,9.67,0,76,1135,14.93,6,6,224.4,19,50,2015,,
51,Tavon Austin,St. Louis Rams,WR,16,0,0,0,52,434,8.35,4,52,473,9.10,5,10,198.7,20,51,2015,,
52,Ronnie Hillman,Denver Broncos,RB,16,0,0,0,207,863,4.17,7,24,111,4.63,0,7,161.4,18,52,2015,,
53,Aaron Rodgers,Green Bay Packers,QB,16,3821,31,8,58,344,5.93,1,0,0,,0,1,301.2,7,53,2015,,
54,Michael Crabtree,Oakland Raiders,WR,16,0,0,0,0,0,,0,85,922,10.85,9,9,231.2,21,54,2015,,
55,Jordan Matthews,Philadelphia Eagles,WR,16,0,0,0,0,0,,0,85,997,11.73,8,8,230.7,22,55,2015,,
56,Rashad Jennings,New York Giants,RB,16,0,0,0,195,863,4.43,3,29,296,10.21,1,4,164.9,19,56,2015,,
57,John Brown,Arizona Cardinals,WR,15,0,0,0,3,22,7.33,0,65,1003,15.43,7,7,207.5,23,57,2015,,
58,T.Y. Hilton,Indianapolis Colts,WR,16,0,0,0,0,0,,0,69,1124,16.29,5,5,211.4,24,58,2015,,
59,Giovani Bernard,Cincinnati Bengals,RB,16,0,0,0,154,730,4.74,2,49,472,9.63,0,2,181.2,20,59,2015,,
60,Richard Rodgers,Green Bay Packers,TE,16,0,0,0,1,11,11.00,0,58,510,8.79,8,8,160.1,9,60,2015,,
1,DeMarco Murray,Dallas Cowboys,RB,16,0,0,0,392,1845,4.71,13,57,416,7.30,0,13,351.1,1,1,2014,,
2,Le'Veon Bell,Pittsburgh Steelers,RB,16,0,0,0,290,1361,4.69,8,83,854,10.29,3,11,370.5,2,2,2014,,
3,Marshawn Lynch,Seattle Seahawks,RB,16,0,0,0,280,1306,4.66,13,37,367,9.92,4,17,302.3,3,3,2014,,
4,Antonio Brown,Pittsburgh Steelers,WR,16,20,1,0,4,13,3.25,0,129,1698,13.16,13,14,386.9,1,4,2014,,
5,Matt Forte,Chicago Bears,RB,16,0,0,0,266,1038,3.90,6,102,808,7.92,4,10,346.6,4,5,2014,,
6,Arian Foster,Houston Texans,RB,13,5,1,0,260,1246,4.79,8,38,327,8.61,5,13,273.5,5,6,2014,,
7,Eddie Lacy,Green Bay Packers,RB,16,0,0,0,246,1139,4.63,9,42,427,10.17,4,13,272.6,6,7,2014,,
8,Jordy Nelson,Green Bay Packers,WR,16,0,0,0,0,0,,0,98,1519,15.50,13,13,327.9,2,8,2014,,
9,Demaryius Thomas,Denver Broncos,WR,16,0,0,0,0,0,,0,111,1619,14.59,11,11,340.9,3,9,2014,,
10,Dez Bryant,Dallas Cowboys,WR,16,0,0,0,0,0,,0,88,1320,15.00,16,16,316.0,4,10,2014,,
11,Rob Gronkowski,New England Patriots,TE,15,0,0,0,0,0,,0,82,1124,13.71,12,12,266.4,1,11,2014,,
12,Jamaal Charles,Kansas City Chiefs,RB,15,0,0,0,206,1033,5.01,9,40,291,7.28,5,14,250.4,7,12,2014,,
13,Aaron Rodgers,Green Bay Packers,QB,16,4381,38,5,43,269,6.26,2,0,0,,0,2,354.1,1,13,2014,,
14,Andrew Luck,Indianapolis Colts,QB,16,4761,40,16,64,273,4.27,3,0,0,,0,3,351.7,2,14,2014,,
15,Odell Beckham Jr.,New York Giants,WR,12,0,0,0,7,35,5.00,0,91,1305,14.34,12,12,295.0,5,15,2014,,
16,Justin Forsett,Baltimore Ravens,RB,16,0,0,0,235,1266,5.39,8,44,263,5.98,0,8,246.9,8,16,2014,,
17,Randall Cobb,Green Bay Packers,WR,16,0,0,0,11,37,3.36,0,91,1287,14.14,12,12,293.4,6,17,2014,,
18,Emmanuel Sanders,Denver Broncos,WR,16,0,0,0,8,44,5.50,0,101,1404,13.90,9,9,301.8,7,18,2014,,
19,Julio Jones,Atlanta Falcons,WR,15,0,0,0,1,1,1.00,0,104,1593,15.32,6,6,297.4,8,19,2014,,
20,Jeremy Maclin,Philadelphia Eagles,WR,16,0,0,0,0,0,,0,85,1318,15.51,10,10,276.8,9,20,2014,,
21,Lamar Miller,Miami Dolphins,RB,16,0,0,0,216,1099,5.09,8,38,275,7.24,1,9,223.4,9,21,2014,,
22,Russell Wilson,Seattle Seahawks,QB,16,3475,20,7,118,849,7.19,6,1,17,17.00,0,6,330.6,3,22,2014,,
23,Antonio Gates,San Diego Chargers,TE,16,0,0,0,0,0,,0,69,821,11.90,12,12,223.1,2,23,2014,,
24,Jeremy Hill,Cincinnati Bengals,RB,16,0,0,0,222,1124,5.06,9,27,215,7.96,0,9,210.9,10,24,2014,,
25,C.J. Anderson,Denver Broncos,RB,15,0,0,0,179,849,4.74,8,34,324,9.53,2,10,211.3,11,25,2014,,
26,Mike Evans,Tampa Bay Buccaneers,WR,15,0,0,0,0,0,,0,68,1051,15.46,12,12,245.1,10,26,2014,,
27,Alshon Jeffery,Chicago Bears,WR,16,0,0,0,6,33,5.50,0,85,1133,13.33,10,10,261.6,11,27,2014,,
28,T.Y. Hilton,Indianapolis Colts,WR,15,0,0,0,2,20,10.00,0,82,1345,16.40,7,7,258.5,12,28,2014,,
29,Jimmy Graham,New Orleans Saints,TE,16,0,0,0,0,0,,0,85,889,10.46,10,10,229.9,3,29,2014,,
30,LeSean McCoy,Philadelphia Eagles,RB,16,0,0,0,312,1319,4.23,5,28,155,5.54,0,5,199.4,12,30,2014,,
31,Alfred Morris,Washington Redskins,RB,16,0,0,0,265,1074,4.05,8,17,155,9.12,0,8,187.9,13,31,2014,,
32,Peyton Manning,Denver Broncos,QB,16,4727,39,15,24,-24,-1.00,0,0,0,,0,0,312.7,4,32,2014,,
33,Greg Olsen,Carolina Panthers,TE,16,0,0,0,0,0,,0,84,1008,12.00,6,6,220.8,4,33,2014,,
34,Joique Bell,Detroit Lions,RB,15,0,0,0,223,860,3.86,7,34,322,9.47,1,8,198.2,14,34,2014,,
35,Mark Ingram,New Orleans Saints,RB,13,0,0,0,226,964,4.27,9,29,145,5.00,0,9,191.9,15,35,2014,,
36,Martellus Bennett,Chicago Bears,TE,16,0,0,0,0,0,,0,90,916,10.18,6,6,221.6,5,36,2014,,
37,Ben Roethlisberger,Pittsburgh Steelers,QB,16,4952,32,9,33,27,0.82,0,0,-6,,0,0,306.2,5,37,2014,,
38,Golden Tate,Detroit Lions,WR,16,0,0,0,5,30,6.00,0,99,1331,13.44,4,4,259.1,13,38,2014,,
39,Drew Brees,New Orleans Saints,QB,16,4952,33,17,27,68,2.52,1,1,1,1.00,0,1,304.0,6,39,2014,,
40,Coby Fleener,Indianapolis Colts,TE,16,0,0,0,0,0,,0,51,774,15.18,8,8,176.4,6,40,2014,,
41,Calvin Johnson,Detroit Lions,WR,13,0,0,0,0,0,,0,71,1077,15.17,8,8,226.7,14,41,2014,,
42,DeAndre Hopkins,Houston Texans,WR,16,0,0,0,0,0,,0,76,1210,15.92,6,6,231.0,15,42,2014,,
43,DeSean Jackson,Washington Redskins,WR,15,0,0,0,4,7,1.75,0,56,1169,20.88,6,6,209.6,16,43,2014,,
44,Kelvin Benjamin,Carolina Panthers,WR,16,0,0,0,0,0,,0,73,1008,13.81,9,9,225.8,17,44,2014,,
45,Julius Thomas,Denver Broncos,TE,13,0,0,0,0,0,,0,43,489,11.37,12,12,163.9,7,45,2014,,
46,Matt Asiata,Minnesota Vikings,RB,15,0,0,0,164,570,3.48,9,44,312,7.09,1,10,194.2,16,46,2014,,
47,Frank Gore,San Francisco 49ers,RB,16,0,0,0,255,1106,4.34,4,11,111,10.09,1,5,158.7,17,47,2014,,
48,Travis Kelce,Kansas City Chiefs,TE,16,0,0,0,0,0,,0,67,862,12.87,5,6,183.2,8,48,2014,,
49,Mike Wallace,Miami Dolphins,WR,16,0,0,0,4,16,4.00,0,67,862,12.87,10,10,212.8,18,49,2014,,
50,Giovani Bernard,Cincinnati Bengals,RB,13,0,0,0,168,680,4.05,5,43,349,8.12,2,7,187.9,18,50,2014,,
51,Delanie Walker,Tennessee Titans,TE,15,0,0,0,0,0,,0,63,890,14.13,4,4,176.0,9,51,2014,,
52,Torrey Smith,Baltimore Ravens,WR,16,0,0,0,0,0,,0,49,767,15.65,11,11,191.7,19,52,2014,,
53,Steve Smith Sr.,Baltimore Ravens,WR,16,0,0,0,0,0,,0,79,1065,13.48,6,6,219.5,20,53,2014,,
54,Matt Ryan,Atlanta Falcons,QB,16,4694,28,14,29,145,5.00,0,0,0,,0,0,284.3,7,54,2014,,
55,Anquan Boldin,San Francisco 49ers,WR,16,0,0,0,1,4,4.00,0,83,1062,12.80,5,5,219.6,21,55,2014,,
56,Julian Edelman,New England Patriots,WR,14,0,0,0,10,94,9.40,0,92,972,10.57,4,5,228.6,22,56,2014,,
57,Brandon LaFell,New England Patriots,WR,16,0,0,0,2,13,6.50,0,74,953,12.88,7,7,210.6,23,57,2014,,
58,A.J. Green,Cincinnati Bengals,WR,13,0,0,0,2,2,1.00,0,69,1041,15.09,6,6,205.3,24,58,2014,,
59,Jordan Matthews,Philadelphia Eagles,WR,16,0,0,0,0,0,,0,67,872,13.01,8,8,202.2,25,59,2014,,
60,Chris Ivory,New York Jets,RB,16,0,0,0,198,821,4.15,6,18,123,6.83,1,7,152.4,19,60,2014,,